id	tid	title	company	business
1	38824	鍵姫物語　永久アリス輪舞曲（ロンド）	日本出版販売	books wholesaler
2	38824	鍵姫物語　永久アリス輪舞曲（ロンド）	ランティス	record company
3	38824	鍵姫物語　永久アリス輪舞曲（ロンド）	アミューズソフトエンタテインメント株式会社	video producer
4	38824	鍵姫物語　永久アリス輪舞曲（ロンド）	TRINET ENTERTAINMENT	anime production
5	38824	鍵姫物語　永久アリス輪舞曲（ロンド）	Picture Magic	anime maker
6	38811	マジカノ	GDH	anime production
7	38811	マジカノ	東京キッズ	anime maker
8	38811	マジカノ	AT-X	tv station
9	38811	マジカノ	株式会社ダックスインターナショナル	right management
10	38811	マジカノ	ベストフィールド	video producer
12	38829	落語天女おゆい	東芝エンタテインメント	video producer
13	38829	落語天女おゆい	スリーファットサムライ/ソルブレイド	record company
14	38829	落語天女おゆい	アミューズソフトエンタテインメント	video producer
15	38829	落語天女おゆい	マウスプロモーション	talent management
16	38829	落語天女おゆい	ティー・エヌ・ケー	anime maker
17	63452	LEMON ANGEL PROJECT（レモンエンジェルプロジェクト）	IMAGICA	video post production
18	63452	LEMON ANGEL PROJECT（レモンエンジェルプロジェクト）	Avex Entertainment	record company
19	63452	LEMON ANGEL PROJECT（レモンエンジェルプロジェクト）	AMGエンタテインメント	anime production
20	63452	LEMON ANGEL PROJECT（レモンエンジェルプロジェクト）	GENCO	right management
21	357000	タクティカルロア	バンダイビジュアル	anime production
22	357000	タクティカルロア	アクタス	anime maker
23	369400	Funny Pets(1)	ランブルフィッシュ	video producer
24	369400	Funny Pets(1)	tvk	tv station
25	369400	Funny Pets(1)	KBS京都	tv station
26	369400	Funny Pets(1)	レントラックジャパン	video producer
27	369400	Funny Pets(1)	S1-T3CG	anime maker
28	369500	Funny Pets(2) 2ndシーズン	ランブルフィッシュ	video producer
29	369500	Funny Pets(2) 2ndシーズン	tvk	tv station
30	369500	Funny Pets(2) 2ndシーズン	KBS京都	tv station
31	369500	Funny Pets(2) 2ndシーズン	レントラックジャパン	video producer
32	369500	Funny Pets(2) 2ndシーズン	S1-T3CG	anime maker
37	39041	魔界戦記ディスガイア	ディーライツ	right management
38	39041	魔界戦記ディスガイア	日本一ソフトウェア	game maker
39	39041	魔界戦記ディスガイア	NBCユニバーサル・エンターテイメントジャパン	video producer
40	357200	Soul Link	インターチャネル	video producer
41	357200	Soul Link	NBCユニバーサル・エンターテイメントジャパン	video producer
42	357200	Soul Link	AT-X	tv station
43	357200	Soul Link	オンザラン	record company
44	357200	Soul Link	東京電化	disk maker
45	357300	吉永さん家のガーゴイル	ENTERBRAIN	publishing company
46	357300	吉永さん家のガーゴイル	Avex Entertainment	record company
47	357300	吉永さん家のガーゴイル	TRINET ENTERTAINMENT	anime production
48	357300	吉永さん家のガーゴイル	ハピネット	goods wholesale
49	39012	涼宮ハルヒの憂鬱	角川書店	publishing company
50	39012	涼宮ハルヒの憂鬱	角川映画	film producer
51	39012	涼宮ハルヒの憂鬱	京都アニメーション	anime maker
52	39012	涼宮ハルヒの憂鬱	KlockWorx	video producer
53	39021	Strauberry Panic	Marvelous	video producer
54	39021	Strauberry Panic	ランティス	record company
55	39021	Strauberry Panic	読売広告社	ad agent
56	39021	Strauberry Panic	ドワンゴ	game company
57	39021	Strauberry Panic	オプトロム	disk maker
58	39021	Strauberry Panic	Movic	goods wholesale
59	41980	女子高生　GIRL'S HIGH	東芝エンタテインメント	video producer
60	41980	女子高生　GIRL'S HIGH	NBCユニバーサル・エンターテイメントジャパン	video producer
61	41980	女子高生　GIRL'S HIGH	双葉社	publishing company
62	41980	女子高生　GIRL'S HIGH	GENCO	right management
63	39024	うたわれるもの	AQUAPLUS	game company
64	39024	うたわれるもの	IMAGICA	video post production
65	39024	うたわれるもの	vap	video producer
66	39024	うたわれるもの	ランティス	record company
67	44328	錬金３級　まじかる？ぽか?ん	メディアファクトリー	publishing company
68	44328	錬金３級　まじかる？ぽか?ん	日本出版販売	books wholesaler
69	44328	錬金３級　まじかる？ぽか?ん	GENCO	right management
70	39054	アニメ　吉宗	株式会社大都技研	pachinko maker
71	39054	アニメ　吉宗	GDH	anime production
72	56266	西の善き魔女 Astraea Testament	マッグガーデン	publishing company
73	56266	西の善き魔女 Astraea Testament	IMAGICA	video post production
74	56266	西の善き魔女 Astraea Testament	NBCユニバーサル・エンターテイメントジャパン	video producer
75	56266	西の善き魔女 Astraea Testament	ランティス	record company
76	56266	西の善き魔女 Astraea Testament	Tablier Communications	it company
77	56706	夢使い	PONY CANYON	video producer
78	56706	夢使い	MAD HOUSE	anime maker
79	56706	夢使い	NAS	ad agnent
80	39073	ひまわりっ！	KING RECORD	record company
81	39073	ひまわりっ！	東北新社	film producer
82	39073	ひまわりっ！	GENCO	right management
83	39068	BLACK LAGOON(1)	NBCユニバーサル・エンターテイメントジャパン	video producer
84	39068	BLACK LAGOON(1)	小学館	publishing company
85	39068	BLACK LAGOON(1)	Geneon Entertainment USA	video producer
86	39208	ゼロの使い魔(1)	メディアファクトリー	publishing company
87	39208	ゼロの使い魔(1)	松竹	film producer
88	39208	ゼロの使い魔(1)	GENCO	right management
89	39201	つよきす Cool×Sweet	プリンセスソフト	game company
90	39201	つよきす Cool×Sweet	メディアファクトリー	publishing company
91	46621	無敵看板娘	東芝エンタテインメント	video producer
92	46621	無敵看板娘	NBCユニバーサル・エンターテイメントジャパン	video producer
93	46621	無敵看板娘	読売広告社	ad agent
94	46621	無敵看板娘	讀賣テレビ放送	tv station
95	46621	無敵看板娘	テレコム・アニメーションフィルム	anime maker
96	39232	となグラ！　TONA GURA!	JIVE	publishing company
97	39232	となグラ！　TONA GURA!	KING RECORD	record company
98	39399	らぶドル～Lovely Idol～	Avex Entertainment	record company
99	39399	らぶドル～Lovely Idol～	ENTERBRAIN	publishing company
100	39399	らぶドル～Lovely Idol～	PONY CANYON	video producer
101	39399	らぶドル～Lovely Idol～	Fifth Avenue	disk maker
102	39421	Gift ～eternal rainbow～（ギフト　～エターナル　レインボー～）	IMAGICA	video post production
103	39421	Gift ～eternal rainbow～（ギフト　～エターナル　レインボー～）	メディアファクトリー	publishing company
104	39421	Gift ～eternal rainbow～（ギフト　～エターナル　レインボー～）	ランティス	record company
105	39421	Gift ～eternal rainbow～（ギフト　～エターナル　レインボー～）	MOONSTONE	game company
106	39432	乙女はお姉さまに恋してる	HOBIBOX	game wholesale
107	39432	乙女はお姉さまに恋してる	文化放送	radio station
108	39432	乙女はお姉さまに恋してる	KING RECORD	record company
109	39432	乙女はお姉さまに恋してる	ZEXCS	anime maker
110	370500	はぴねす!	Marvelous	video producer
111	370500	はぴねす!	メディアファクトリー	publishing company
112	370500	はぴねす!	株式会社5pb.	game company
113	357500	BLACK BLOOD BROTHERS	東芝エンタテインメント	video producer
114	357500	BLACK BLOOD BROTHERS	PONY CANYON	video producer
115	357500	BLACK BLOOD BROTHERS	博報堂DYメディアパートナーズ	video producer
116	357400	コヨーテ ラグタイム ショー	東芝エンタテインメント	video producer
117	357400	コヨーテ ラグタイム ショー	アミューズソフトエンタテインメント	video producer
118	357400	コヨーテ ラグタイム ショー	KlockWorx	video producer
119	357400	コヨーテ ラグタイム ショー	AOI Pro.	ad maker
120	357400	コヨーテ ラグタイム ショー	STUDIO MAUSU	sound maker
121	357400	コヨーテ ラグタイム ショー	ufotable	anime maker
122	356100	Fate/Stay Night	NBCユニバーサル・エンターテイメントジャパン	video producer
123	356100	Fate/Stay Night	TBS	tv station
124	356100	Fate/Stay Night	CREi	video exporter
125	356100	Fate/Stay Night	ノーツ	game company
126	356100	Fate/Stay Night	Frontier Works	video producer
127	356900	NHKにようこそ!	角川書店	publishing company
128	356900	NHKにようこそ!	GONZO	anime maker
129	356900	NHKにようこそ!	角川エンタテインメント	video wholesale
130	356900	NHKにようこそ!	ビクターエンタテインメント	record company
131	356900	NHKにようこそ!	ハピネット	goods wholesale
132	357700	パンプキン・シザーズ	GDH	anime production
134	39240	ちょこッとSister	メディアファクトリー	publishing company
135	39240	ちょこッとSister	東芝エンタテインメント	video producer
136	39240	ちょこッとSister	白泉社	publishing company
137	39218	僕等がいた	Marvelous	video producer
138	39218	僕等がいた	PONY CANYON	video producer
139	39218	僕等がいた	スカパー・ウェルシンク	video producer
140	39218	僕等がいた	小学館	publishing company
141	40019	ケンコー全裸系水泳部　ウミショー	Marvelous	video producer
142	40019	ケンコー全裸系水泳部　ウミショー	NBCユニバーサル・エンターテイメントジャパン	video producer
143	40019	ケンコー全裸系水泳部　ウミショー	株式会社5pb.	game company
144	40019	ケンコー全裸系水泳部　ウミショー	PONY CANYON	video producer
145	40046	ゼロの使い魔(2)～双月の騎士～	メディアファクトリー	publishing company
146	40046	ゼロの使い魔(2)～双月の騎士～	松竹	film producer
147	40046	ゼロの使い魔(2)～双月の騎士～	GENCO	right management
148	361900	シャイニング・ティアーズ・クロス・ウィンド	SEGA	game company
149	362500	ドージンワーク	メディアファクトリー	publishing company
150	362500	ドージンワーク	インターチャネル	video producer
151	362500	ドージンワーク	芳文社	publishing company
152	362500	ドージンワーク	株式会社虎の穴	bookshop
153	362700	もえたん	バンダイビジュアル	anime production
154	362700	もえたん	PLANET ENTERTAINMENT	anime production
155	362700	もえたん	アクタス	anime maker
156	362700	もえたん	博報堂DYメディアパートナーズ	video producer
157	362900	PRISM ARK	メディアファクトリー	publishing company
158	362900	PRISM ARK	Marvelous	video producer
159	362900	PRISM ARK	株式会社5pb.	game company
160	362900	PRISM ARK	ぺんしる	game company
161	363200	こどものじかん	バンダイビジュアル	anime production
162	363200	こどものじかん	ランティス	record company
163	363200	こどものじかん	Movic	goods wholesale
164	363200	こどものじかん	双葉社	publishing company
165	361400	セイント・ビースト(2) 〜光陰叙事詩天使譚〜	Marvelous	video producer
166	361400	セイント・ビースト(2) 〜光陰叙事詩天使譚〜	Avex Entertainment	record company
167	361400	セイント・ビースト(2) 〜光陰叙事詩天使譚〜	ランティス	record company
168	39627	ひまわりっ!!	KING RECORD	record company
169	39627	ひまわりっ!!	東北新社	film producer
170	39627	ひまわりっ!!	GENCO	right management
171	40023	School Days（スクールデイズ）	Marvelous	video producer
172	40023	School Days（スクールデイズ）	Avex Entertainment	record company
173	40023	School Days（スクールデイズ）	ランティス	record company
174	40023	School Days（スクールデイズ）	PONY CANYON	video producer
175	39633	SHUFFLE! MEMORIES　シャッフル メモリーズ	角川書店	publishing company
176	39633	SHUFFLE! MEMORIES　シャッフル メモリーズ	角川エンタテインメント	video wholesale
177	39633	SHUFFLE! MEMORIES　シャッフル メモリーズ	KlockWorx	video producer
178	39633	SHUFFLE! MEMORIES　シャッフル メモリーズ	Memory-Tech	disk maker
179	39633	SHUFFLE! MEMORIES　シャッフル メモリーズ	ランティス	record company
180	39814	大江戸ロケット	インデックス・ホールディングス	it company
181	39814	大江戸ロケット	MAD HOUSE	anime maker
182	39814	大江戸ロケット	NBCユニバーサル・エンターテイメントジャパン	video producer
183	39814	大江戸ロケット	博報堂DYメディアパートナーズ	video producer
184	39797	魔法少女リリカルなのは(3)StrikerS	KING RECORD	record company
185	39797	魔法少女リリカルなのは(3)StrikerS	セブン・アークス	anime maker
186	63356	英國戀物語エマ　第二幕	TBS	tv station
187	63356	英國戀物語エマ　第二幕	ぴえろ	anime maker
188	63356	英國戀物語エマ　第二幕	東芝エンタテインメント	video producer
189	63356	英國戀物語エマ　第二幕	PONY CANYON	video producer
190	63356	英國戀物語エマ　第二幕	フジクリエイティブコーポレーション	tv maker
192	40033	ひぐらしのなく頃に解	Frontier Works	video producer
193	40033	ひぐらしのなく頃に解	NBCユニバーサル・エンターテイメントジャパン	video producer
194	40033	ひぐらしのなく頃に解	創通エージェンシー	ad agent
195	39621	アンジェリーク(2)～かがやきの明日	株式会社光栄	game company
196	39621	アンジェリーク(2)～かがやきの明日	Kids Station	tv station
197	39621	アンジェリーク(2)～かがやきの明日	メディアファクトリー	publishing company
198	39621	アンジェリーク(2)～かがやきの明日	サテライト	anime maker
199	39621	アンジェリーク(2)～かがやきの明日	ランティス	record company
200	39823	この青空に約束を― ～ようこそつぐみ寮へ～	Marvelous	video producer
201	39823	この青空に約束を― ～ようこそつぐみ寮へ～	メディアファクトリー	publishing company
202	39823	この青空に約束を― ～ようこそつぐみ寮へ～	Alchemist	goods producer
203	39823	この青空に約束を― ～ようこそつぐみ寮へ～	株式会社5pb.	game company
204	39823	この青空に約束を― ～ようこそつぐみ寮へ～	Movic	goods wholesale
205	40184	BLUE DROP（ブルー・ドロップ）～天使達の戯曲～	KING RECORD	record company
206	40184	BLUE DROP（ブルー・ドロップ）～天使達の戯曲～	PONY CANYON	video producer
207	40184	BLUE DROP（ブルー・ドロップ）～天使達の戯曲～	博報堂DYメディアパートナーズ	video producer
208	40184	BLUE DROP（ブルー・ドロップ）～天使達の戯曲～	Memory-Tech	disk maker
209	40184	BLUE DROP（ブルー・ドロップ）～天使達の戯曲～	ビースタック	anime maker
210	39856	らき☆すた　LuckyStar（らき・すた、らきすた）	角川書店	publishing company
211	39856	らき☆すた　LuckyStar（らき・すた、らきすた）	京都アニメーション	anime maker
212	39856	らき☆すた　LuckyStar（らき・すた、らきすた）	角川エンタテインメント	video wholesale
213	39856	らき☆すた　LuckyStar（らき・すた、らきすた）	KlockWorx	video producer
217	39857	ぼくらの	GDH	anime production
218	40014	ななついろ★ドロップス（ななついろ・ドロップス、誤り…なないろドロップス）	NBCユニバーサル・エンターテイメントジャパン	video producer
219	40014	ななついろ★ドロップス（ななついろ・ドロップス、誤り…なないろドロップス）	博報堂DYメディアパートナーズ	video producer
220	40014	ななついろ★ドロップス（ななついろ・ドロップス、誤り…なないろドロップス）	Media Works	publishing company
221	40014	ななついろ★ドロップス（ななついろ・ドロップス、誤り…なないろドロップス）	ACクリエイト	video exporter
222	40014	ななついろ★ドロップス（ななついろ・ドロップス、誤り…なないろドロップス）	読売広告社	ad agent
223	40037	さよなら絶望先生	KING RECORD	record company
224	40037	さよなら絶望先生	シャフト	anime maker
225	40035	ぽてまよ	バンダイビジュアル	anime production
226	40035	ぽてまよ	双葉社	publishing company
227	40035	ぽてまよ	ランティス	record company
228	40035	ぽてまよ	J.C.STAFF	anime maker
229	40182	Myself;Yourself（マイセルフ　ユアセルフ）	Marvelous	video producer
230	40182	Myself;Yourself（マイセルフ　ユアセルフ）	ハピネット	goods wholesale
231	40182	Myself;Yourself（マイセルフ　ユアセルフ）	株式会社5pb.	game company
232	40182	Myself;Yourself（マイセルフ　ユアセルフ）	PONY CANYON	video producer
233	40188	ナイトウィザード The ANIMATION	HAL FILM MAKER	anime production
234	40188	ナイトウィザード The ANIMATION	TYO	ad maker
235	40188	ナイトウィザード The ANIMATION	Kids Station	tv station
236	40188	ナイトウィザード The ANIMATION	ENTERBRAIN	publishing company
237	40188	ナイトウィザード The ANIMATION	株式会社5pb.	game company
238	40205	ef－a tale of memories.	NBCユニバーサル・エンターテイメントジャパン	video producer
239	40205	ef－a tale of memories.	minori	game company
240	40205	ef－a tale of memories.	Movic	goods wholesale
241	40205	ef－a tale of memories.	Frontier Works	video producer
242	40205	ef－a tale of memories.	シャフト	anime maker
243	40213	レンタルマギカ	角川書店	publishing company
244	40213	レンタルマギカ	角川映画	film producer
245	40213	レンタルマギカ	KlockWorx	video producer
246	40213	レンタルマギカ	IMAGICA	video post production
247	40213	レンタルマギカ	NTT DOCOMO	mobile network operator
248	40213	レンタルマギカ	ZEXCS	anime maker
249	40222	げんしけん２	メディアファクトリー	publishing company
250	40222	げんしけん２	博報堂DYメディアパートナーズ	video producer
251	40222	げんしけん２	Kids Station	tv station
252	40222	げんしけん２	GENCO	right management
253	371000	D.C.II 〜ダ・カーポII〜	CIRCUS	game company
254	371000	D.C.II 〜ダ・カーポII〜	KING RECORD	record company
255	371000	D.C.II 〜ダ・カーポII〜	GANSIS	anime production
256	371000	D.C.II 〜ダ・カーポII〜	ランティス	record company
257	358100	好きなものは好きだからしょうがない!!	バンダイビジュアル	anime production
258	358100	好きなものは好きだからしょうがない!!	ランティス	record company
259	358100	好きなものは好きだからしょうがない!!	Movic	goods wholesale
260	358100	好きなものは好きだからしょうがない!!	ファンメディア	it company
261	358100	好きなものは好きだからしょうがない!!	ソフパル	game company
262	358200	ウィッチ ヴィレッジ ストーリー	ベストフィールド	video producer
263	358300	UG☆アルティメットガール	PONY CANYON	video producer
264	358600	こみっくパーティーRevolution	AQUAPLUS	game company
266	358700	IZUMO -猛き剣の閃記-	アミューズソフトエンタテインメント	video producer
267	358700	IZUMO -猛き剣の閃記-	TRINET ENTERTAINMENT	anime production
268	358700	IZUMO -猛き剣の閃記-	エムアンドアイアートシステム	art auction
269	358700	IZUMO -猛き剣の閃記-	トラフィックプロモーション	exhibition curation
271	358800	バジリスク〜甲賀忍法帖〜	GONZO	anime maker
272	358800	バジリスク〜甲賀忍法帖〜	デジタル・アニメ・プロジェクト	production fund
273	358900	機動新撰組 萌えよ剣	レッド・エンタテインメント	goods producer
274	358900	機動新撰組 萌えよ剣	ENTERBRAIN	publishing company
275	359100	おくさまは女子高生	Avex Entertainment	record company
276	38664	ノエイン　もうひとりの君へ　noein	メディアファクトリー	publishing company
277	38664	ノエイン　もうひとりの君へ　noein	東芝エンタテインメント	video producer
278	63450	流奇譚Ｘ	Softgarage	goods producer
279	45707	こいこい７　Koi Koi Seven	日本出版販売	books wholesaler
280	45707	こいこい７　Koi Koi Seven	アミューズソフトエンタテインメント	video producer
281	45707	こいこい７　Koi Koi Seven	TRINET ENTERTAINMENT	anime production
282	33583	英國戀物語エマ（英國戀物語エマ(1)）	TBS	tv station
283	33583	英國戀物語エマ（英國戀物語エマ(1)）	ぴえろ	anime maker
284	33583	英國戀物語エマ（英國戀物語エマ(1)）	東芝エンタテインメント	video producer
285	33583	英國戀物語エマ（英國戀物語エマ(1)）	PONY CANYON	video producer
286	33583	英國戀物語エマ（英國戀物語エマ(1)）	フジクリエイティブコーポレーション	tv maker
287	38616	魔法少女リリカルなのは(2)A's	KING RECORD	record company
288	38616	魔法少女リリカルなのは(2)A's	セブン・アークス	anime maker
289	38451	奥さまは魔法少女（奥様は魔法少女…誤り）	メディアファクトリー	publishing company
290	38451	奥さまは魔法少女（奥様は魔法少女…誤り）	東芝エンタテインメント	video producer
291	38451	奥さまは魔法少女（奥様は魔法少女…誤り）	J.C.STAFF	anime maker
292	38451	奥さまは魔法少女（奥様は魔法少女…誤り）	トラム	NULL
293	38451	奥さまは魔法少女（奥様は魔法少女…誤り）	Kids Station	tv station
294	63451	あかほり外道アワーらぶげ（「絶対正義ラブフェロモン」「それゆけ！外道乙女隊」）	角川メディアハウス	anime production
295	63451	あかほり外道アワーらぶげ（「絶対正義ラブフェロモン」「それゆけ！外道乙女隊」）	NBCユニバーサル・エンターテイメントジャパン	video producer
296	63451	あかほり外道アワーらぶげ（「絶対正義ラブフェロモン」「それゆけ！外道乙女隊」）	ランティス	record company
297	63451	あかほり外道アワーらぶげ（「絶対正義ラブフェロモン」「それゆけ！外道乙女隊」）	RADIX	anime maker
298	41612	ぺとぺとさん	メディアファクトリー	publishing company
299	41612	ぺとぺとさん	東芝エンタテインメント	video producer
300	41612	ぺとぺとさん	ENTERBRAIN	publishing company
301	41612	ぺとぺとさん	GENCO	right management
302	38620	Canvas2　～虹色のスケッチ～	角川書店	publishing company
303	38620	Canvas2　～虹色のスケッチ～	角川映画	film producer
304	38620	Canvas2　～虹色のスケッチ～	株式会社ケンメディア	video wholesale
305	38620	Canvas2　～虹色のスケッチ～	SonyPCL	video post porduction
306	38620	Canvas2　～虹色のスケッチ～	ブロッコリー	goods producer
307	38622	はっぴぃセブン～ざ・テレビまんが～	日本出版販売	books wholesaler
308	38622	はっぴぃセブン～ざ・テレビまんが～	アミューズソフトエンタテインメント	video producer
309	38622	はっぴぃセブン～ざ・テレビまんが～	長良プロダクション	talent management
310	38622	はっぴぃセブン～ざ・テレビまんが～	TRINET ENTERTAINMENT	anime production
311	38642	灼眼のシャナ(1)	NBCユニバーサル・エンターテイメントジャパン	video producer
312	38642	灼眼のシャナ(1)	東芝エンタテインメント	video producer
313	38642	灼眼のシャナ(1)	メディアファクトリー	publishing company
314	38642	灼眼のシャナ(1)	J.C.STAFF	anime maker
315	38438	D.C.S.S. ～ダ・カーポ　セカンドシーズン～	CIRCUS	game company
316	38438	D.C.S.S. ～ダ・カーポ　セカンドシーズン～	KING RECORD	record company
317	38438	D.C.S.S. ～ダ・カーポ　セカンドシーズン～	GANSIS	anime production
318	371800	To Heart 2	アクアプラス	game company
319	371800	To Heart 2	IMAGICA	video post production
320	371800	To Heart 2	Frontier Works	video producer
321	371800	To Heart 2	NBCユニバーサル・エンターテイメントジャパン	video producer
322	371800	To Heart 2	OLM	anime maker
323	38841	陰からマモル！	Aniplex	anime production
324	38841	陰からマモル！	グループ・タック	anime maker
325	38841	陰からマモル！	博報堂DYメディアパートナーズ	video producer
326	39385	金色のコルダ	株式会社光栄	game company
327	39385	金色のコルダ	Aniplex	anime production
328	39385	金色のコルダ	白泉社	publishing company
329	39385	金色のコルダ	TYO	ad maker
330	39385	金色のコルダ	ゆめ太カンパニー	anime maker
331	39013	ARIA The NATURAL	MAG Garden	publishing company
332	39013	ARIA The NATURAL	HAL FILM MAKER	anime production
333	39013	ARIA The NATURAL	テレビ東京メディアネット	program sale
334	39013	ARIA The NATURAL	AT-X	tv station
335	38870	半分の月がのぼる空　looking up at the half-moon	PONY CANYON	video producer
336	38953	しにがみのバラッド。　Momo the girl god of death	PONY CANYON	video producer
337	39087	姫様ご用心（姫様用心）	バンダイビジュアル	anime production
338	53310	ザ・サード～蒼い瞳の少女～	角川書店	publishing company
339	53310	ザ・サード～蒼い瞳の少女～	WOWOW	tv station
340	53310	ザ・サード～蒼い瞳の少女～	IMAGICA	video post production
341	53310	ザ・サード～蒼い瞳の少女～	KlockWorx	video producer
342	53310	ザ・サード～蒼い瞳の少女～	XEBEC	anime maker
343	39100	TOKKO 特公	松竹	film producer
344	39100	TOKKO 特公	MANGA ENTERTAINMENT	anime production
345	39100	TOKKO 特公	WOWOW	tv station
346	39100	TOKKO 特公	スリーライト	ad maker
347	39145	機神咆吼デモンベイン	角川書店	publishing company
348	39145	機神咆吼デモンベイン	角川エンタテインメント	video wholesale
349	39145	機神咆吼デモンベイン	Frontier Works	video producer
350	39145	機神咆吼デモンベイン	ハピネット	goods wholesale
353	39284	ケモノヅメ	住友商事	wholesale
354	39284	ケモノヅメ	アスミック・エース	film producer
355	39284	ケモノヅメ	WOWOW	tv station
356	39284	ケモノヅメ	博報堂DYメディアパートナーズ	video producer
357	39284	ケモノヅメ	MAD HOUSE	anime maker
358	39417	護くんに女神の祝福を！	角川書店	publishing company
359	39417	護くんに女神の祝福を！	アスキー・メディアワークス	publishing company
360	39417	護くんに女神の祝福を！	WOWOW	tv station
361	39417	護くんに女神の祝福を！	ブロッコリー	goods producer
362	39417	護くんに女神の祝福を！	KlockWorx	video producer
363	39417	護くんに女神の祝福を！	SonyPCL	video post porduction
364	39417	護くんに女神の祝福を！	ZEXCS	anime maker
365	39521	TOKYO TRIBE２	住友商事	wholesale
366	39521	TOKYO TRIBE２	アスミック・エース	film producer
367	39521	TOKYO TRIBE２	WOWOW	tv station
368	39521	TOKYO TRIBE２	博報堂DYメディアパートナーズ	video producer
369	39521	TOKYO TRIBE２	MAD HOUSE	anime maker
370	369700	イノセント・ヴィーナス	バンダイビジュアル	anime production
371	370300	奏光のストレイン	ハピネット	goods wholesale
372	370300	奏光のストレイン	ピカンテサーカス	record company
373	370300	奏光のストレイン	スタジオ・ファンタジア	anime maker
374	370300	奏光のストレイン	WOWOW	tv station
375	360100	GIRLSブラボー second season	角川書店	publishing company
376	360100	GIRLSブラボー second season	ハピネット	goods wholesale
377	360100	GIRLSブラボー second season	KlockWorx	video producer
378	38473	SHUFFLE!（シャッフル！）	角川書店	publishing company
379	38473	SHUFFLE!（シャッフル！）	角川エンタテインメント	video wholesale
380	38473	SHUFFLE!（シャッフル！）	KlockWorx	video producer
381	38473	SHUFFLE!（シャッフル！）	Memory-Tech	disk maker
382	38473	SHUFFLE!（シャッフル！）	ランティス	record company
385	38711	かりん	角川書店	publishing company
386	38711	かりん	角川映画	film producer
387	38711	かりん	株式会社ケンメディア	video wholesale
388	38711	かりん	Marvelous	video producer
389	38483	フルメタル・パニック！TSR(The Second Raid)	角川書店	publishing company
390	38483	フルメタル・パニック！TSR(The Second Raid)	角川エンタテインメント	video wholesale
391	38483	フルメタル・パニック！TSR(The Second Raid)	ハピネット	goods wholesale
392	38483	フルメタル・パニック！TSR(The Second Raid)	KlockWorx	video producer
393	38483	フルメタル・パニック！TSR(The Second Raid)	京都アニメーション	anime maker
394	368700	トリニティ・ブラッド	角川書店	publishing company
395	368700	トリニティ・ブラッド	GONZO	anime maker
396	368700	トリニティ・ブラッド	KlockWorx	video producer
397	360800	MOONLIGHT MILE(1) -Lift off-	KlockWorx	video producer
398	360800	MOONLIGHT MILE(1) -Lift off-	IMAGICA	video post production
399	360800	MOONLIGHT MILE(1) -Lift off-	WOWOW	tv station
400	360800	MOONLIGHT MILE(1) -Lift off-	スタジオ雲雀	anime maker
401	360800	MOONLIGHT MILE(1) -Lift off-	アミューズソフトエンタテインメント	video producer
402	360900	MOONLIGHT MILE(2) -Touch down-	KlockWorx	video producer
403	360900	MOONLIGHT MILE(2) -Touch down-	IMAGICA	video post production
404	360900	MOONLIGHT MILE(2) -Touch down-	WOWOW	tv station
405	360900	MOONLIGHT MILE(2) -Touch down-	スタジオ雲雀	anime maker
406	360900	MOONLIGHT MILE(2) -Touch down-	アミューズソフトエンタテインメント	video producer
407	40032	ムシウタ　Mushi-Uta　Dreamer's hopeless and intense desire.	角川書店	publishing company
408	40032	ムシウタ　Mushi-Uta　Dreamer's hopeless and intense desire.	角川映画	film producer
409	40032	ムシウタ　Mushi-Uta　Dreamer's hopeless and intense desire.	ブロッコリー	goods producer
410	40032	ムシウタ　Mushi-Uta　Dreamer's hopeless and intense desire.	SonyPCL	video post porduction
411	40032	ムシウタ　Mushi-Uta　Dreamer's hopeless and intense desire.	Marvelous	video producer
412	40073	BACCANO!（バッカ～ノ、バッカーノ）	Aniplex	anime production
413	40073	BACCANO!（バッカ～ノ、バッカーノ）	Movic	goods wholesale
414	40073	BACCANO!（バッカ～ノ、バッカーノ）	ブレインズ・ベース	anime maker
415	39732	ロケットガール　ROCKET GIRLS	ハピネット	goods wholesale
416	39827	鋼鉄神ジーグ	PONY CANYON	video producer
417	39827	鋼鉄神ジーグ	ダイナミック企画	right management
418	39827	鋼鉄神ジーグ	京楽産業	pachinko maker
419	39827	鋼鉄神ジーグ	BANDAI	goods producer
420	39827	鋼鉄神ジーグ	アクタス	anime maker
421	39827	鋼鉄神ジーグ	ランティス	record company
422	39827	鋼鉄神ジーグ	博報堂DYメディアパートナーズ	video producer
423	39827	鋼鉄神ジーグ	WOWOW	tv station
424	62442	デビルメイクライ　Devil May Cry	CAPCOM	game company
425	62442	デビルメイクライ　Devil May Cry	WOWOW	tv station
426	62442	デビルメイクライ　Devil May Cry	博報堂DYメディアパートナーズ	video producer
427	62442	デビルメイクライ　Devil May Cry	MAD HOUSE	anime maker
428	62442	デビルメイクライ　Devil May Cry	メディアファクトリー	publishing company
429	40066	シグルイ	WOWOW	tv station
430	40066	シグルイ	NBCユニバーサル・エンターテイメントジャパン	video producer
431	40066	シグルイ	MAD HOUSE	anime maker
432	40066	シグルイ	秋田書店	publishing company
433	40247	神霊狩／GHOST HOUND	PONY CANYON	video producer
434	40247	神霊狩／GHOST HOUND	WOWOW	tv station
435	40247	神霊狩／GHOST HOUND	Production I.G	anime maker
436	40247	神霊狩／GHOST HOUND	博報堂DYメディアパートナーズ	video producer
437	40247	神霊狩／GHOST HOUND	MAG Garden	publishing company
438	40247	神霊狩／GHOST HOUND	TYO	ad maker
439	56780	.hack//黄昏の腕輪伝説	読売広告社	ad agent
440	56780	.hack//黄昏の腕輪伝説	バンダイビジュアル	anime production
441	36585	宇宙のステルヴィア	KING RECORD	record company
442	36585	宇宙のステルヴィア	読売広告社	ad agent
443	36585	宇宙のステルヴィア	XEBEC	anime maker
444	36615	DEAR BOYS	ミディア	video producer
445	36615	DEAR BOYS	OB企画	anime production
446	36617	LAST EXILE（ラストエグザイル）	ビクターエンタテインメント	record company
447	36617	LAST EXILE（ラストエグザイル）	GDH	anime production
448	37001	魁!!クロマティ高校	テレビ東京	tv station
449	37001	魁!!クロマティ高校	Production I.G	anime maker
450	37010	人魚の森	テレビ東京	tv station
451	37010	人魚の森	TMS ENTERTAINMENT	anime maker
452	37248	十兵衛ちゃん２～シベリア柳生の逆襲～	KING RECORD	record company
453	37248	十兵衛ちゃん２～シベリア柳生の逆襲～	MAD HOUSE	anime maker
454	37249	マリア様がみてる（マリア様が見てる…誤り）	テレビ東京	tv station
455	37249	マリア様がみてる（マリア様が見てる…誤り）	読売広告社	ad agent
456	37264	モンキーターン	テレビ東京	tv station
457	37264	モンキーターン	OLM	anime maker
458	359900	モンキーターンV	テレビ東京	tv station
459	359900	モンキーターンV	OLM	anime maker
460	47241	最遊記RELOAD GUNLOCK	テレビ東京	tv station
461	47241	最遊記RELOAD GUNLOCK	電通	ad agent
462	47241	最遊記RELOAD GUNLOCK	ぴえろ	anime maker
463	37479	せんせいのお時間　DOKI DOKI SCHOOL HOURS	竹書房	publishing company
464	37479	せんせいのお時間　DOKI DOKI SCHOOL HOURS	アスミック・エース	film producer
465	37479	せんせいのお時間　DOKI DOKI SCHOOL HOURS	KING RECORD	record company
466	37480	MADLAX（マドラックス）	ビクターエンタテインメント	record company
467	37485	RAGNAROK THE ANIMATION	G&G Entertainment	anime production
468	37485	RAGNAROK THE ANIMATION	GDH	anime production
469	37491	鉄人28号	電通	ad agent
470	37491	鉄人28号	KING RECORD	record company
471	37491	鉄人28号	HobbyJAPAN	goods producer
472	56778	キン肉マンII世　アルティメットマッスル ULTIMATE MUSCLE(1)（キン肉マンII世）	テレビ東京	tv station
473	56778	キン肉マンII世　アルティメットマッスル ULTIMATE MUSCLE(1)（キン肉マンII世）	読売広告社	ad agent
474	56778	キン肉マンII世　アルティメットマッスル ULTIMATE MUSCLE(1)（キン肉マンII世）	東映アニメーション	anime maker
475	35622	キン肉マンII世（キン肉マン２世）	テレビ東京	tv station
476	35622	キン肉マンII世（キン肉マン２世）	読売広告社	ad agent
477	35622	キン肉マンII世（キン肉マン２世）	東映アニメーション	anime maker
478	38827	キン肉マンII世　アルティメットマッスル２ ULTIMATE MUSCLE（キン肉マンII世２）	テレビ東京	tv station
479	38827	キン肉マンII世　アルティメットマッスル２ ULTIMATE MUSCLE（キン肉マンII世２）	読売広告社	ad agent
480	38827	キン肉マンII世　アルティメットマッスル２ ULTIMATE MUSCLE（キン肉マンII世２）	東映アニメーション	anime maker
481	37649	蒼穹のファフナー	KING RECORD	record company
482	37649	蒼穹のファフナー	XEBEC	anime maker
483	37664	ギャラクシーエンジェル(5)（DVDパッケージタイトル…ギャラクシーエンジェルX）	テレビ大阪	tv station
484	37664	ギャラクシーエンジェル(5)（DVDパッケージタイトル…ギャラクシーエンジェルX）	読売広告社	ad agent
485	37664	ギャラクシーエンジェル(5)（DVDパッケージタイトル…ギャラクシーエンジェルX）	ブロッコリー	goods producer
486	37664	ギャラクシーエンジェル(5)（DVDパッケージタイトル…ギャラクシーエンジェルX）	バンダイビジュアル	anime production
487	37791	舞-HiME	SUNRISE	anime maker
488	37791	舞-HiME	バンダイビジュアル	anime production
489	37820	ファンタジックチルドレン　FANTASTIC CHILDREN	博報堂DYメディアパートナーズ	video producer
490	37820	ファンタジックチルドレン　FANTASTIC CHILDREN	日本アニメーション	anime maker
491	37820	ファンタジックチルドレン　FANTASTIC CHILDREN	BANDAI	goods producer
492	37820	ファンタジックチルドレン　FANTASTIC CHILDREN	BANDAI Entertainment	game company
493	37820	ファンタジックチルドレン　FANTASTIC CHILDREN	FlyingDog	record company
494	37822	月詠　「TSUKUYOMI」－MOON　PHASE－	ビクターエンタテインメント	record company
495	37825	遙かなる時空の中で（遥かなる時空の中で…誤り）～八葉抄～	株式会社光栄	game company
496	37825	遙かなる時空の中で（遥かなる時空の中で…誤り）～八葉抄～	白泉社	publishing company
497	37825	遙かなる時空の中で（遥かなる時空の中で…誤り）～八葉抄～	バンダイビジュアル	anime production
498	37825	遙かなる時空の中で（遥かなる時空の中で…誤り）～八葉抄～	ゆめ太カンパニー	anime maker
499	37830	tactics(TACTICS)	テレビ東京メディアネット	program sale
500	37830	tactics(TACTICS)	Studio Deen	anime maker
501	37835	双恋	Media Works	publishing company
502	37835	双恋	KING RECORD	record company
503	37835	双恋	ランティス	record company
504	37835	双恋	読売広告社	ad agent
505	38252	双恋　フタコイ　オルタナティブ	Media Works	publishing company
506	38252	双恋　フタコイ　オルタナティブ	KING RECORD	record company
507	38252	双恋　フタコイ　オルタナティブ	読売広告社	ad agent
508	38252	双恋　フタコイ　オルタナティブ	ランティス	record company
509	37838	BECK	KING RECORD	record company
510	37838	BECK	Marvelous	video producer
513	38030	魔法先生ネギま！(1)	KING RECORD	record company
514	38030	魔法先生ネギま！(1)	XEBEC	anime maker
515	38030	魔法先生ネギま！(1)	読売広告社	ad agent
516	60593	ギャラリーフェイク	テレビ東京	tv station
517	60593	ギャラリーフェイク	Aniplex	anime production
518	38046	まほらば　Heartful days（まほらば～Heartful days～）	SQUARE ENIX	game company
519	38046	まほらば　Heartful days（まほらば～Heartful days～）	KING RECORD	record company
520	38234	創聖のアクエリオン	メディアファクトリー	publishing company
521	38234	創聖のアクエリオン	博報堂DYメディアパートナーズ	video producer
522	38234	創聖のアクエリオン	東北新社	film producer
523	38234	創聖のアクエリオン	BANDAI	goods producer
524	38244	ガラスの仮面	テレビ東京メディアネット	program sale
525	38244	ガラスの仮面	TMS ENTERTAINMENT	anime maker
526	38251	極上生徒会	Konami	game company
527	38452	ぱにぽに　だっしゅ！	SQUARE ENIX	game company
528	38452	ぱにぽに　だっしゅ！	KING RECORD	record company
529	38461	ガン×ソード（GUN×SWORD、ガンソード）	RecoChoku	it company
530	38461	ガン×ソード（GUN×SWORD、ガンソード）	FlyingDog	record company
531	38467	涼風	Marvelous	video producer
532	38619	格闘美神　武龍（ウーロン）(1)	テレビ東京	tv station
533	38619	格闘美神　武龍（ウーロン）(1)	TMS ENTERTAINMENT	anime maker
534	38639	ARIA The ANIMATION	MAG Garden	publishing company
535	38639	ARIA The ANIMATION	HAL FILM MAKER	anime production
536	38639	ARIA The ANIMATION	AT-X	tv station
537	38639	ARIA The ANIMATION	松竹	film producer
538	41617	舞-乙HiME	SUNRISE	anime maker
539	41617	舞-乙HiME	バンダイビジュアル	anime production
540	56775	銀盤カレイドスコープ	Aniplex	anime production
541	357900	CLUSTER EDGE	SUNRISE	anime maker
542	357900	CLUSTER EDGE	バンダイビジュアル	anime production
543	38849	よみがえる空　RESCUE WINGS	バンダイビジュアル	anime production
544	38858	おろしたてミュージカル　練馬大根ブラザーズ	Aniplex	anime production
545	38858	おろしたてミュージカル　練馬大根ブラザーズ	スタジオ雲雀	anime maker
546	38865	かしまし～ガール・ミーツ・ガール～	Media Works	publishing company
547	38865	かしまし～ガール・ミーツ・ガール～	バンダイビジュアル	anime production
548	38865	かしまし～ガール・ミーツ・ガール～	ランティス	record company
549	38865	かしまし～ガール・ミーツ・ガール～	スタジオ雲雀	anime maker
550	39010	格闘美神　武龍（ウーロン）　REBIRTH	テレビ東京	tv station
551	39010	格闘美神　武龍（ウーロン）　REBIRTH	TMS ENTERTAINMENT	anime maker
552	39014	School Rumble スクールランブル　二学期	Marvelous	video producer
553	39014	School Rumble スクールランブル　二学期	創通エージェンシー	ad agent
554	39028	SIMOUN シムーン	バンダイビジュアル	anime production
555	39028	SIMOUN シムーン	Studio Deen	anime maker
556	39028	SIMOUN シムーン	創通エージェンシー	ad agent
557	39033	ラブゲッCHU（ちゅっ）　ミラクル声優白書	アリコシステム	mobile game company
558	39034	エア・ギア　AIRGEAR（エアギア）	Marvelous	video producer
559	39034	エア・ギア　AIRGEAR（エアギア）	東映アニメーション	anime maker
560	39048	いぬかみっ！	KING RECORD	record company
561	39048	いぬかみっ！	Media Works	publishing company
562	39056	.hack//Roots	バンダイビジュアル	anime production
563	39056	.hack//Roots	テレビ東京	tv station
564	39386	ギャラクシーエンジェる～ん（ギャラクシーエンジェるーん）　GALAXY ANGEL II	ブロッコリー	goods producer
565	39386	ギャラクシーエンジェる～ん（ギャラクシーエンジェるーん）　GALAXY ANGEL II	バンダイビジュアル	anime production
566	39386	ギャラクシーエンジェる～ん（ギャラクシーエンジェるーん）　GALAXY ANGEL II	AT-X	tv station
567	39389	ときめきメモリアルOnly Love	Konami	game company
568	39406	ヤマトナデシコ七変化	PONY CANYON	video producer
569	39406	ヤマトナデシコ七変化	日本アニメーション	anime maker
570	39406	ヤマトナデシコ七変化	AT-X	tv station
571	39408	ゴーストハント　GHOST HUNT	テレビ東京	tv station
572	39408	ゴーストハント　GHOST HUNT	Marvelous	video producer
573	39408	ゴーストハント　GHOST HUNT	Avex Entertainment	record company
574	39413	スーパーロボット大戦OG　ディバイン・ウォーズ	バンダイビジュアル	anime production
575	39413	スーパーロボット大戦OG　ディバイン・ウォーズ	テレビ東京	tv station
576	39415	武装錬金　ブソウレンキン	集英社	publishing company
577	39415	武装錬金　ブソウレンキン	NBCユニバーサル・エンターテイメントジャパン	video producer
578	39415	武装錬金　ブソウレンキン	読売広告社	ad agent
579	39438	史上最強の弟子ケンイチ	テレビ東京	tv station
580	39438	史上最強の弟子ケンイチ	TMS ENTERTAINMENT	anime maker
581	39636	がくえんゆーとぴあ　まなびストレート！　MANABI STRAIGHT!	KING RECORD	record company
582	39636	がくえんゆーとぴあ　まなびストレート！　MANABI STRAIGHT!	Media Works	publishing company
583	39636	がくえんゆーとぴあ　まなびストレート！　MANABI STRAIGHT!	KlockWorx	video producer
584	39636	がくえんゆーとぴあ　まなびストレート！　MANABI STRAIGHT!	ufotable	anime maker
585	39637	マスターオブエピック～the animation age～	GDH	anime production
586	39637	マスターオブエピック～the animation age～	テレビ東京メディアネット	program sale
587	39802	ヒロイック・エイジ　HEROIC・AGE	KING RECORD	record company
588	39802	ヒロイック・エイジ　HEROIC・AGE	XEBEC	anime maker
589	39802	ヒロイック・エイジ　HEROIC・AGE	KlockWorx	video producer
590	39803	瀬戸の花嫁	創通エージェンシー	ad agent
591	39803	瀬戸の花嫁	Avex Entertainment	record company
592	39803	瀬戸の花嫁	GDH	anime production
593	39803	瀬戸の花嫁	SQUARE ENIX	game company
594	39803	瀬戸の花嫁	テレビ東京メディアネット	program sale
595	39803	瀬戸の花嫁	AT-X	tv station
596	39813	エル・カザド　EL CAZADOR DE LA BRUJA	FlyingDog	record company
597	39813	エル・カザド　EL CAZADOR DE LA BRUJA	RecoChoku	it company
598	39818	キスダム－ENGAGE PLANET－	バンダイビジュアル	anime production
599	39818	キスダム－ENGAGE PLANET－	サテライト	anime maker
600	39818	キスダム－ENGAGE PLANET－	コピーライツバンク	right management
601	39819	Over Drive　オーバードライヴ	PONY CANYON	video producer
602	39819	Over Drive　オーバードライヴ	XEBEC	anime maker
603	39819	Over Drive　オーバードライヴ	AT-X	tv station
604	39825	ながされて藍蘭島	SQUARE ENIX	game company
605	39825	ながされて藍蘭島	KING RECORD	record company
606	39826	機神大戦　ギガンティック・フォーミュラ	バンダイビジュアル	anime production
607	39826	機神大戦　ギガンティック・フォーミュラ	テレビ東京	tv station
608	39833	鋼鉄三国志 KOUTETSU SANGOKUSHI	NAS	ad agnent
609	39833	鋼鉄三国志 KOUTETSU SANGOKUSHI	Konami	game company
610	40173	バンブーブレード　BAMBOO BLADE	SQUARE ENIX	game company
611	40173	バンブーブレード　BAMBOO BLADE	JVC Entertainment	talent management
612	40173	バンブーブレード　BAMBOO BLADE	AIC	anime maker
613	40173	バンブーブレード　BAMBOO BLADE	KlockWorx	video producer
614	40173	バンブーブレード　BAMBOO BLADE	d-rights	right management
615	40177	スケッチブック ～full color's～	Marvelous	video producer
616	40177	スケッチブック ～full color's～	松竹	film producer
617	40177	スケッチブック ～full color's～	メディアファクトリー	publishing company
618	40177	スケッチブック ～full color's～	TYO	ad maker
619	40177	スケッチブック ～full color's～	AT-X	tv station
620	40187	素敵探偵ラビリンス	PONY CANYON	video producer
621	40187	素敵探偵ラビリンス	創通エージェンシー	ad agent
622	40187	素敵探偵ラビリンス	AT-X	tv station
623	40189	ドラゴノーツ－ザ・レゾナンス　DRAGONAUT －THE RESONANCE－	NAS	ad agnent
624	40189	ドラゴノーツ－ザ・レゾナンス　DRAGONAUT －THE RESONANCE－	Konami	game company
625	40189	ドラゴノーツ－ザ・レゾナンス　DRAGONAUT －THE RESONANCE－	GDH	anime production
626	40217	みなみけ(1)	KING RECORD	record company
627	40217	みなみけ(1)	読売広告社	ad agent
628	40217	みなみけ(1)	博報堂DYメディアパートナーズ	video producer
629	40217	みなみけ(1)	童夢	anime maker
630	40220	獣神演武 HERO TALES	メディアファクトリー	publishing company
631	40220	獣神演武 HERO TALES	Studio FLAG	anime maker
632	40220	獣神演武 HERO TALES	GENCO	right management
633	56018	AIR	TBS	tv station
634	56018	AIR	PONY CANYON	video producer
635	56018	AIR	Movic	goods wholesale
636	56018	AIR	京都アニメーション	anime maker
637	38276	ハチミツとクローバー(1)	アスミック・エース	film producer
638	38276	ハチミツとクローバー(1)	集英社	publishing company
639	38276	ハチミツとクローバー(1)	フジテレビジョン	tv station
640	38276	ハチミツとクローバー(1)	電通	ad agent
641	38276	ハチミツとクローバー(1)	GENCO	right management
642	38607	蟲師	Marvelous	video producer
643	38607	蟲師	Avex Entertainment	record company
644	38607	蟲師	SKY Perfect Well	right management
647	38692	ローゼンメイデン(2)　トロイメント	PONY CANYON	video producer
648	38692	ローゼンメイデン(2)　トロイメント	Movic	goods wholesale
649	38692	ローゼンメイデン(2)　トロイメント	Memory-Tech	disk maker
650	38033	ああっ女神さまっ(1)	バンダイビジュアル	anime production
651	38033	ああっ女神さまっ(1)	講談社	publishing company
652	38033	ああっ女神さまっ(1)	Movic	goods wholesale
653	38033	ああっ女神さまっ(1)	Memory-Tech	disk maker
654	38033	ああっ女神さまっ(1)	TBS	tv station
655	38692	ローゼンメイデン(2)　トロイメント	TBS	tv station
656	368200	スターシップ・オペレーターズ	テレビ東京	tv station
657	368200	スターシップ・オペレーターズ	読売広告社	ad agent
658	38026	ジンキ・エクステンド	テレビ朝日	tv station
659	38026	ジンキ・エクステンド	GANSIS	anime production
660	38026	ジンキ・エクステンド	MAG Garden	publishing company
661	38026	ジンキ・エクステンド	KING RECORD	record company
662	368200	スターシップ・オペレーターズ	NBCユニバーサル・エンターテイメントジャパン	video producer
663	368200	スターシップ・オペレーターズ	Media Works	publishing company
664	57514	Xenosaga THE ANIMATION	東映アニメーション	anime maker
665	57514	Xenosaga THE ANIMATION	ハピネット	goods wholesale
666	57514	Xenosaga THE ANIMATION	ナムコ	game company
667	38253	これが私の御主人様	TBS	tv station
668	38253	これが私の御主人様	NBCユニバーサル・エンターテイメントジャパン	video producer
669	38253	これが私の御主人様	GAINAX	anime maker
670	38253	これが私の御主人様	Memory-Tech	disk maker
671	38249	甲虫王者ムシキング～森の民の伝説～	テレビ東京	tv station
672	38249	甲虫王者ムシキング～森の民の伝説～	読売広告社	ad agent
673	38249	甲虫王者ムシキング～森の民の伝説～	TMS ENTERTAINMENT	anime maker
674	38242	エレメンタル　ジェレイド	テレビ東京	tv station
675	38242	エレメンタル　ジェレイド	創通エージェンシー	ad agent
676	38242	エレメンタル　ジェレイド	XEBEC	anime maker
677	358400	LOVELESS	バンダイビジュアル	anime production
678	358400	LOVELESS	Movic	goods wholesale
679	358400	LOVELESS	Frontier Works	video producer
680	358400	LOVELESS	J.C.STAFF	anime maker
681	38243	いちご100％	集英社	publishing company
682	38243	いちご100％	Avex Entertainment	record company
683	38243	いちご100％	Memory-Tech	disk maker
